{
    "gr1": {
        "statistics": {
            "state": {
                "left_arm": {
                    "max": [
                        0.20924639701843262,
                        1.0283334255218506,
                        0.7626311779022217,
                        1.2766348123550415,
                        0.6208215951919556,
                        0.5784755349159241,
                        0.6122645139694214
                    ],
                    "min": [
                        -1.7613894939422607,
                        -0.055460374802351,
                        -1.4291026592254639,
                        -1.8372888565063477,
                        -1.9088618755340576,
                        -0.5534593462944031,
                        -0.6101135611534119
                    ],
                    "mean": [
                        -0.6651833653450012,
                        0.4592684805393219,
                        -0.36718255281448364,
                        -1.0439125299453735,
                        -0.22386711835861206,
                        0.039080750197172165,
                        0.21884363889694214
                    ],
                    "std": [
                        0.4059261679649353,
                        0.3300384283065796,
                        0.3877648413181305,
                        0.3499453663825989,
                        0.47075408697128296,
                        0.2111106514930725,
                        0.28234681487083435
                    ],
                    "q01": [
                        -1.6822049856185912,
                        -0.021540631875395774,
                        -1.3082810497283937,
                        -1.7282904744148255,
                        -1.3786265397071837,
                        -0.42213344991207125,
                        -0.34352921128273006
                    ],
                    "q99": [
                        0.11571309104561804,
                        0.9630904972553253,
                        0.16205549746751696,
                        -0.09569705411791805,
                        0.49122974336147307,
                        0.4642632812261581,
                        0.6089069545269012
                    ]
                },
                "right_arm": {
                    "max": [
                        0.19988635182380676,
                        0.03149573132395744,
                        0.749130129814148,
                        -0.32961100339889526,
                        0.9778330326080322,
                        0.737983226776123,
                        0.04929826036095619
                    ],
                    "min": [
                        -1.0447087287902832,
                        -0.6329244375228882,
                        -0.023970242589712143,
                        -1.78594172000885,
                        -0.021357296034693718,
                        -0.1407337635755539,
                        -0.3567348122596741
                    ],
                    "mean": [
                        -0.2077738642692566,
                        -0.19780714809894562,
                        0.2671568691730499,
                        -1.4618723392486572,
                        0.4242795705795288,
                        0.131707102060318,
                        -0.1233360767364502
                    ],
                    "std": [
                        0.39407092332839966,
                        0.18717239797115326,
                        0.2174772471189499,
                        0.3398900628089905,
                        0.28161266446113586,
                        0.22859002649784088,
                        0.056340910494327545
                    ],
                    "q01": [
                        -0.9358984076976776,
                        -0.5768049502372742,
                        0.0,
                        -1.7447737622261048,
                        0.0,
                        -0.1047192443907261,
                        -0.2653649878501892
                    ],
                    "q99": [
                        0.16009881734848017,
                        0.0013822533702477794,
                        0.7226317274570465,
                        -0.5434177482128144,
                        0.9144781887531279,
                        0.6491735053062438,
                        0.0009805629239417542
                    ]
                },
                "left_hand": {
                    "max": [
                        0.024779874831438065,
                        0.0353764183819294,
                        0.013676049187779427,
                        0.030537977814674377,
                        -0.7056244015693665,
                        1.2200045585632324
                    ],
                    "min": [
                        -1.5741949081420898,
                        -1.5714894533157349,
                        -1.593921184539795,
                        -1.5714399814605713,
                        -1.7399189472198486,
                        0.0
                    ],
                    "mean": [
                        -0.5968404412269592,
                        -0.5846096277236938,
                        -0.5905200242996216,
                        -0.5242883563041687,
                        -1.2187936305999756,
                        0.8538243174552917
                    ],
                    "std": [
                        0.6989334225654602,
                        0.6864346265792847,
                        0.6934450268745422,
                        0.6161149144172668,
                        0.4156428575515747,
                        0.2045513540506363
                    ],
                    "q01": [
                        -1.5613591861724854,
                        -1.5522681641578675,
                        -1.5616726541519166,
                        -1.4505367660522461,
                        -1.7269806528091431,
                        0.5985393202304841
                    ],
                    "q99": [
                        0.00038736751186661355,
                        0.00037153659330215085,
                        0.0005369656137190713,
                        0.0007040262431837598,
                        -0.7138360965251923,
                        1.1670710015296937
                    ]
                },
                "right_hand": {
                    "max": [
                        0.01715180277824402,
                        0.0023549003526568413,
                        0.0029230816289782524,
                        0.0035826992243528366,
                        -0.9913161396980286,
                        1.21999990940094
                    ],
                    "min": [
                        -1.3912556171417236,
                        -1.492611289024353,
                        -1.511497974395752,
                        -1.311753749847412,
                        -1.7343599796295166,
                        0.0
                    ],
                    "mean": [
                        -0.24570246040821075,
                        -0.278617262840271,
                        -0.26779407262802124,
                        -0.22503437101840973,
                        -1.3188725709915161,
                        0.7653705477714539
                    ],
                    "std": [
                        0.45539581775665283,
                        0.5235134363174438,
                        0.4988533556461334,
                        0.4092847406864166,
                        0.21342632174491882,
                        0.21179063618183136
                    ],