{
    "gr1": {
        "statistics": {
            "state": {
                "left_arm": {
                    "max": [
                        0.055272359400987625,
                        0.7089765667915344,
                        -0.13153210282325745,
                        -1.2218376398086548,
                        0.6448684334754944,
                        0.3057304918766022,
                        0.17061947286128998
                    ],
                    "min": [
                        -0.7040379643440247,
                        -0.1805255264043808,
                        -1.1898788213729858,
                        -1.774515151977539,
                        -0.38566192984580994,
                        -0.6156118512153625,
                        -0.6104725003242493
                    ],
                    "mean": [
                        -0.20446769893169403,
                        0.18632645905017853,
                        -0.4730318486690521,
                        -1.548120379447937,
                        0.025052139535546303,
                        -0.23691025376319885,
                        -0.018588373437523842
                    ],
                    "std": [
                        0.08176274597644806,
                        0.19419032335281372,
                        0.11857297271490097,
                        0.08240124583244324,
                        0.13418683409690857,
                        0.1463019847869873,
                        0.09014732390642166
                    ],
                    "q01": [
                        -0.35227846562862397,
                        -0.08056101799011231,
                        -0.6287546992301941,
                        -1.6858279371261597,
                        -0.23934174507856368,
                        -0.47869264900684355,
                        -0.209190913438797
                    ],
                    "q99": [
                        0.0027596552250906776,
                        0.6659450387954712,
                        -0.15974964171648026,
                        -1.3051996088027955,
                        0.28188803017139435,
                        0.26450249254703523,
                        0.12711337685585022
                    ]
                },
                "right_arm": {
                    "max": [
                        0.9749417304992676,
                        0.3289731442928314,
                        1.1864559650421143,
                        -0.5263388752937317,
                        0.8585123419761658,
                        0.8720613121986389,
                        0.6116759181022644
                    ],
                    "min": [
                        -1.2056835889816284,
                        -1.2141987085342407,
                        -0.5659398436546326,
                        -2.25083589553833,
                        -1.3778550624847412,
                        -0.9615681767463684,
                        -0.5545499920845032
                    ],
                    "mean": [
                        -0.27196457982063293,
                        -0.25037550926208496,
                        0.23426876962184906,
                        -1.6994543075561523,
                        -0.20257744193077087,
                        0.15785472095012665,
                        0.23555883765220642
                    ],
                    "std": [
                        0.3723510205745697,
                        0.24458861351013184,
                        0.24468070268630981,
                        0.21552179753780365,
                        0.36066508293151855,
                        0.27259108424186707,
                        0.283816933631897
                    ],
                    "q01": [
                        -1.0553612756729125,
                        -1.0586868262290954,
                        -0.18157344311475754,
                        -2.1094252014160157,
                        -0.965201416015625,
                        -0.6502958178520202,
                        -0.15009681195020674
                    ],
                    "q99": [
                        0.3408596503734587,
                        0.13272491157054897,
                        1.0026740145683288,
                        -1.0932934975624085,
                        0.2843020915985107,
                        0.6702956867218017,
                        0.6100079417228699
                    ]
                },
                "left_hand": {
                    "max": [
                        0.004540710244327784,
                        0.005984649062156677,
                        0.017481951043009758,
                        0.09154229611158371,
                        -0.8229116201400757,
                        1.1916093826293945
                    ],
                    "min": [
                        -1.534774899482727,
                        -1.5270531177520752,
                        -1.554082989692688,
                        -1.432862639427185,
                        -1.724097490310669,
                        0.0
                    ],
                    "mean": [
                        -0.49187320470809937,
                        -0.49546390771865845,
                        -0.5027759671211243,
                        -0.4061013162136078,
                        -1.2165087461471558,
                        0.7213438749313354
                    ],
                    "std": [
                        0.6034168004989624,
                        0.6048083305358887,
                        0.611772894859314,
                        0.5005698204040527,
                        0.3145311176776886,
                        0.26809048652648926
                    ],
                    "q01": [
                        -1.4497065258026123,
                        -1.4164426922798157,
                        -1.4040027260780334,
                        -1.20591365814209,
                        -1.7183193635940552,
                        0.4149165308475494
                    ],
                    "q99": [
                        0.0008627807372249661,
                        0.000564824694301933,
                        0.0011079953680746258,
                        0.001744508575648069,
                        -0.8265701532363892,
                        1.084401993751526
                    ]
                },
                "right_hand": {
                    "max": [
                        0.034606367349624634,
                        0.031263433396816254,
                        0.0032077913638204336,
                        0.023555316030979156,
                        -1.0203163623809814,
                        1.2200000286102295
                    ],
                    "min": [
                        -1.5732693672180176,
                        -1.5703585147857666,
                        -1.5719530582427979,
                        -1.5707253217697144,
                        -1.7310363054275513,
                        0.0
                    ],
                    "mean": [
                        -0.5187441110610962,
                        -0.5041672587394714,
                        -0.49844756722450256,
                        -0.40001100301742554,
                        -1.3299938440322876,
                        0.7593491077423096
                    ],
                    "std": [
                        0.6595329642295837,
                        0.6430739164352417,
                        0.631402313709259,
                        0.5381597876548767,
                        0.18031330406665802,
                        0.21788370609283447
                    ],